{"cameraMode":{"drawMode":0,"name":"Shaded","section":"Shading Mode"},"sceneLighting":true,"audioPlay":false,"sceneViewState":{"m_AlwaysRefresh":false,"showFog":true,"showSkybox":true,"showFlares":true,"showImageEffects":true,"showParticleSystems":true,"showVisualEffectGraphs":true,"m_FxEnabled":true},"in2DMode":false,"pivot":{"x":7.908144474029541,"y":3.059144973754883,"z":20.214752197265626},"rotation":{"x":0.024150284007191659,"y":0.11371651291847229,"z":-0.002754339249804616,"w":0.9932296872138977},"size":16.658159255981447,"orthographic":false}